iteration,composite_distance,description
0,0.640941,baseline - no changes
1,0.619262,steps_per_pattern 64->16
2,0.611431,step_ms 450->296 to match duration
3,0.637437,"reduce harmonics 7->4, steeper rolloff"
4,0.584586,decay_time 0.6->0.3 shorter percussive
5,0.607533,disable comb filter body resonance
6,0.592873,step_ms 296->260 faster tempo
7,0.571688,"flatten step velocities, less dynamic contrast"
8,0.577248,tone duration 0.9->0.4
9,0.543404,shift freqs +2 semitones C->D based
10,0.571137,"trim reference silence, step_ms 296->280"
10,0.559444,"re-extract reference from 3:01, step_ms=281"
10,0.562204,verify baseline after reference restore
11,0.533658,reverb_wet 0.20->0.08
12,0.552246,FX_GAIN 0.35->0.55
13,0.550115,DELAY_WET 0.15->0.05
14,0.507726,RMS normalization to match reference loudness
15,0.481486,FX_GAIN 0.35->0.50
16,0.505221,FX_GAIN 0.50->0.70
17,0.476399,32 steps/pattern at 148ms for more onset density
18,0.448314,replace tanh with hard clip at 0.95
19,0.485829,peak normalize 0.95 instead of RMS
20,0.450094,RMS target 0.16 with clip 0.95
21,0.452843,reduce attack transient 0.35->0.15
22,0.434793,48 steps/pattern at 99ms
23,0.396161,64 steps/pattern at 74ms
24,0.407686,decay_time 0.3->0.15 even shorter
25,0.378763,decay_time 0.3->0.45 longer
26,0.409405,decay_time 0.45->0.6
27,0.414,reduce saturation drive 1.08->1.02
28,0.346563,"E1: FX_GAIN 0.50->0.65, brighter harmonics -3/-6/-10/-14/-18/-24dB"
29,0.356813,"E3: attack 0.35->0.55, saturation 1.08->1.20"
30,0.334042,E6: saturation drive 1.08->1.20 only
31,0.32133,"E7+E8: reverb 2.0->1.0s, FX_GAIN 0.65->0.75"
32,0.34424,RMS target 0.20->0.17 preserve dynamics
33,0.343045,"E8: tune to D major - 415->440 (A4), 349->330 (E4)"
34,0.290128,E2: add high-freq boost +0.5 above 2kHz
35,0.288615,"stronger HF boost 1.0 at 1.5kHz, comb body 0.15->0.25"
36,0.283391,stronger HF boost 1.0 at 1.5kHz only (revert body)
37,0.256952,"FX_GAIN 0.75->1.0, RMS target 0.20->0.25"
38,0.2835,"delay feedback 0.25->0.40, wet 0.15->0.25"
39,0.267912,HF boost 1.5x at 1.2kHz
40,0.274945,80 steps/pattern at 59ms
41,0.264921,soft knee limiter instead of hard clip
42,0.247058,"RMS 0.25->0.30, add harmonics 7-12 for more spectral content"
43,0.272264,FX_GAIN 1.0->0.85 less clipping
44,0.260011,HF boost 1.5x at 1.5kHz + mid boost 0.4x at 800Hz
45,0.28857,"add 5.5s leading silence, step_ms 74->70"
46,0.262321,"reverb dark 0.35->0.55, wet 0.08->0.12"
47,0.261263,adjust STEP_VELS for stronger accent pattern
48,0.250123,"remove clip, preserve natural dynamics"
99,0.249258,final verification
