iteration,description,kept,composite,spectral_centroid,mfcc,onset_density,ioi_histogram,rms_correlation,pitch_class,spectral_rolloff
0,baseline - no changes,yes,0.641,0.103,1.000,0.800,0.548,0.992,0.479,0.293
1,steps_per_pattern 64->16,yes,0.619,0.123,1.000,0.753,0.418,0.936,0.435,0.332
2,step_ms 450->296 to match duration,yes,0.611,0.125,1.000,0.755,0.423,0.883,0.421,0.335
3,"reduce harmonics 7->4, steeper rolloff",reverted,0.637,0.156,1.000,0.755,0.423,0.838,0.607,0.399
4,decay_time 0.6->0.3 shorter percussive,yes,0.585,0.125,1.000,0.694,0.313,0.862,0.355,0.335
5,disable comb filter body resonance,reverted,0.608,0.127,1.000,0.741,0.393,0.804,0.539,0.337
6,step_ms 296->260 faster tempo,reverted,0.593,0.128,1.000,0.726,0.359,0.764,0.497,0.339
7,"flatten step velocities, less dynamic contrast",yes,0.572,0.128,1.000,0.673,0.280,0.803,0.365,0.335
8,tone duration 0.9->0.4,reverted,0.577,0.128,1.000,0.708,0.334,0.776,0.367,0.339
9,shift freqs +2 semitones C->D based,yes,0.543,0.121,1.000,0.659,0.267,0.776,0.175,0.326
11,reverb_wet 0.20->0.08,yes,0.534,0.118,1.000,0.616,0.220,0.755,0.215,0.317
14,RMS normalization to match reference loudness,yes,0.508,0.124,0.843,0.609,0.214,0.840,0.198,0.334
15,FX_GAIN 0.35->0.50,yes,0.481,0.120,0.783,0.612,0.216,0.783,0.188,0.325
17,32 steps/pattern at 148ms for more onset density,yes,0.476,0.119,0.763,0.452,0.122,0.939,0.206,0.326
18,replace tanh with hard clip at 0.95,yes,0.448,0.115,0.778,0.292,0.078,0.879,0.211,0.309
22,48 steps/pattern at 99ms,yes,0.435,0.120,0.791,0.266,0.065,0.767,0.223,0.325
23,64 steps/pattern at 74ms,yes,0.396,0.122,0.822,0.016,0.033,0.614,0.264,0.325
25,decay_time 0.3->0.45 longer,yes,0.379,0.119,0.745,0.031,0.025,0.662,0.228,0.314
28,brighter harmonics + FX_GAIN 0.65,yes,0.347,0.099,0.680,0.009,0.022,0.629,0.236,0.270
30,saturation drive 1.08->1.20,yes,0.334,0.098,0.602,0.118,0.031,0.626,0.187,0.276
31,shorter reverb 1.0s + FX_GAIN 0.75,yes,0.321,0.087,0.526,0.012,0.030,0.740,0.230,0.257
34,high-freq boost +1.0x above 1.5kHz,yes,0.290,0.092,0.499,0.007,0.021,0.565,0.268,0.248
36,stronger HF boost 1.0x at 1.5kHz,yes,0.283,0.063,0.466,0.002,0.029,0.765,0.139,0.169
37,FX_GAIN 1.0 + RMS target 0.25,yes,0.257,0.078,0.364,0.042,0.027,0.620,0.241,0.201
42,"RMS target 0.30, add harmonics 7-12",yes,0.247,0.067,0.302,0.085,0.027,0.712,0.159,0.186
